
{
    "region" : "ap-southeast-2",
    "configuration" : "Release",
    "framework"     : "netcoreapp3.1",
    "self-contained" : false,
    "application"    : "SpendingsWEB",
    "environment"    : "Tracket-web",
    "enable-xray"    : false,
    "enhanced-health-type" : "basic",
    "additional-options"   : "",
    "solution-stack"       : "64bit Amazon Linux 2 v2.1.1 running .NET Core",
    "environment-type"     : "SingleInstance",
    "cname"                : "tracket-web",
    "instance-type"        : "t2.micro",
    "key-pair"             : "tracket-web key",
    "instance-profile"     : "aws-elasticbeanstalk-ec2-role",
    "service-role"         : "aws-elasticbeanstalk-service-role",
    "proxy-server"         : "nginx"
}